market,delivery_year,dy_start,lda,price_usd_mw_day,cleared_ucap_mw,total_cost_busd,dc_attributable_busd,dc_attribution_note,source,price_native,price_unit
PJM,2018/19,2018-06-01,RTO,164.77,166836.9,10.9,,,PJM 2028/2029 BRA Report Table 2 (2026-07-14),,
PJM,2019/20,2019-06-01,RTO,100.00,167305.9,7.0,,,PJM 2028/2029 BRA Report Table 2 (2026-07-14),,
PJM,2020/21,2020-06-01,RTO,76.53,165109.2,7.0,,,PJM 2028/2029 BRA Report Table 2 (2026-07-14),,
PJM,2021/22,2021-06-01,RTO,140.00,163627.3,9.3,,,PJM 2028/2029 BRA Report Table 2 (2026-07-14),,
PJM,2022/23,2022-06-01,RTO,50.00,144477.3,3.9,,,PJM 2028/2029 BRA Report Table 2 (2026-07-14),,
PJM,2023/24,2023-06-01,RTO,34.13,144870.6,2.2,,,PJM 2028/2029 BRA Report Table 2 (2026-07-14),,
PJM,2024/25,2024-06-01,RTO,28.92,147478.9,2.2,,,PJM 2028/2029 BRA Report Table 2 (2026-07-14),,
PJM,2024/25,2024-06-01,MAAC,49.49,,,,,PJM 2024/2025 BRA Report,,
PJM,2024/25,2024-06-01,EMAAC,53.60,,,,,PJM 2024/2025 BRA Report,,
PJM,2024/25,2024-06-01,BGE,73.00,,,,,PJM 2024/2025 BRA Report,,
PJM,2024/25,2024-06-01,DPL-S,426.17,,,,,PJM 2024/2025 BRA Report,,
PJM,2024/25,2024-06-01,DEOK,96.24,,,,,PJM 2024/2025 BRA Report,,
PJM,2025/26,2025-06-01,RTO,269.92,135684.0,14.7,9.3,IMM: data center load caused 63% of the 2025/26 increase (via IEEFA),PJM 2028/2029 BRA Report Table 2; PJM 2025/2026 BRA Report,,
PJM,2025/26,2025-06-01,BGE,466.35,,,,,PJM 2025/2026 BRA Report,,
PJM,2025/26,2025-06-01,DOM,444.26,,,,,PJM 2025/2026 BRA Report (Dominion moved from FRR into RPM this year),,
PJM,2026/27,2026-06-01,RTO,329.17,134205.3,16.1,7.27,IMM 2026/27 BRA Part A (2025-10-01): data center load added $7.27B (82.1%) to auction revenues,PJM 2028/2029 BRA Report Table 2; IMM Analysis of the 2026/2027 RPM BRA Part A (2025-10-01),,
PJM,2027/28,2027-06-01,RTO,333.44,134478.1,16.4,6.50,IMM 2027/28 BRA Part A (2026-01-05): data center load $6.50B (40%) of $16.4B,PJM 2028/2029 BRA Report Table 2; IMM Analysis of the 2027/2028 RPM BRA Part A (2026-01-05),,
PJM,2028/29,2028-06-01,RTO,325.00,138317.8,16.4,,No IMM attribution published yet,PJM 2028/2029 BRA Report Table 2 (2026-07-14),,
ISONE,2018/19,2018-06-01,RTO,314.01,34695,3.98,,FCA 9; no data center attribution published,ISO-NE FCA 9 final results press release (2015-02-27); SEMA/RI existing-resource price (new resources $17.728),9.551,$/kW-month (Rest-of-Pool / system)
ISONE,2018/19,2018-06-01,SEMA/RI,364.27,,,,FCA 9,ISO-NE FCA 9 final results press release (2015-02-27); SEMA/RI existing-resource price (new resources $17.728),11.08,$/kW-month
ISONE,2019/20,2019-06-01,RTO,231.12,35567,3.0,,FCA 10; no data center attribution published,ISO-NE FCA 10 results press release (2016-02-11),7.03,$/kW-month (Rest-of-Pool / system)
ISONE,2020/21,2020-06-01,RTO,174.15,35835,2.28,,FCA 11; no data center attribution published,"ISO New England, Key Stats: Markets (FCA results table)",5.297,$/kW-month (Rest-of-Pool / system)
ISONE,2021/22,2021-06-01,RTO,152.25,34828,1.94,,FCA 12; no data center attribution published,"ISO New England, Key Stats: Markets (FCA results table)",4.631,$/kW-month (Rest-of-Pool / system)
ISONE,2022/23,2022-06-01,RTO,124.93,34839,1.59,,FCA 13; no data center attribution published,"ISO New England, Key Stats: Markets (FCA results table)",3.8,$/kW-month (Rest-of-Pool / system)
ISONE,2023/24,2023-06-01,RTO,65.79,33956,0.82,,FCA 14; no data center attribution published,"ISO New England, Key Stats: Markets (FCA results table)",2.001,$/kW-month (Rest-of-Pool / system)
ISONE,2024/25,2024-06-01,RTO,85.84,34621,1.08,,FCA 15; no data center attribution published,"ISO New England, Key Stats: Markets (FCA results table)",2.611,$/kW-month (Rest-of-Pool / system)
ISONE,2024/25,2024-06-01,SENE,130.85,,,,FCA 15,"ISO New England, Key Stats: Markets (FCA results table)",3.98,$/kW-month
ISONE,2024/25,2024-06-01,NNE,81.44,,,,FCA 15,"ISO New England, Key Stats: Markets (FCA results table)",2.477,$/kW-month
ISONE,2025/26,2025-06-01,RTO,85.18,32810,1.02,,FCA 16; no data center attribution published,"ISO New England, Key Stats: Markets (FCA results table)",2.591,$/kW-month (Rest-of-Pool / system)
ISONE,2025/26,2025-06-01,SENE,86.76,,,,FCA 16,"ISO New England, Key Stats: Markets (FCA results table)",2.639,$/kW-month
ISONE,2025/26,2025-06-01,NNE,83.21,,,,FCA 16,"ISO New England, Key Stats: Markets (FCA results table)",2.531,$/kW-month
ISONE,2026/27,2026-06-01,RTO,85.15,31370,0.97,,FCA 17; no data center attribution published,"ISO New England, Key Stats: Markets (FCA results table)",2.59,$/kW-month (Rest-of-Pool / system)
ISONE,2027/28,2027-06-01,RTO,117.7,31556,1.36,,FCA 18; no data center attribution published,"ISO New England, Key Stats: Markets (FCA results table)",3.58,$/kW-month (Rest-of-Pool / system)
MISO,2018/19,2018-06-01,RTO,10.0,135179,0.493,,No data center attribution published,MISO 2018/2019 PRA results (2018-04-13); Utility Dive,10,"$/MW-day annual (Zone 4, Illinois)"
MISO,2019/20,2019-06-01,RTO,2.99,135179,0.148,,No data center attribution published,MISO 2019/2020 PRA results (2019-04-12); cleared MW approximated by 2018/19,2.99,"$/MW-day annual (Zone 4, Illinois)"
MISO,2020/21,2020-06-01,RTO,5.0,135179,0.247,,No data center attribution published,MISO 2020/2021 PRA results (Michigan PSC issue brief); cleared MW approximated by 2018/19,5,"$/MW-day annual (Zone 4, Illinois)"
MISO,2021/22,2021-06-01,RTO,5.0,135179,0.247,,No data center attribution published,MISO 2021/2022 PRA results; cleared MW approximated by 2018/19,5,"$/MW-day annual (Zone 4, Illinois)"
MISO,2022/23,2022-06-01,RTO,236.66,134003.2,11.575,,No data center attribution published; North/Central cleared at cost of new entry,MISO 2022/2023 PRA results (2022-04-14); cleared ZRC from MISO 2024 PRA posting,236.66,"$/MW-day annual (Zone 4, Illinois)"
MISO,2023/24,2023-06-01,RTO,9.27,127798.8,0.431,,First seasonal auction; No data center attribution published,MISO 2023/2024 PRA results (2023-05-19); cleared ZRC from MISO 2024 PRA posting,10/15/2/10,"$/MW-day summer/fall/winter/spring (Zone 4, Illinois)"
MISO,2024/25,2024-06-01,RTO,20.08,130202.1,0.957,,No data center attribution published,"MISO 2024/2025 PRA results posting (2024-04-25, corrected 2024-04-26)",30/15/0.75/34.1,"$/MW-day summer/fall/winter/spring (Zone 4, Illinois)"
MISO,2025/26,2025-06-01,RTO,216.63,132955.3,10.771,,No data center attribution published; MISO cites reduced surplus and expected large-load growth,MISO 2025/2026 PRA results posting (corrected 2025-05-29),666.5/91.6/33.2/69.88,"$/MW-day summer/fall/winter/spring (Zone 4, Illinois)"
MISO,2026/27,2026-06-01,RTO,126.19,134175.5,6.483,,No data center attribution published,MISO 2026/2027 PRA results posting (2026-04-28); summer cleared 142.4 GW (Aurora); other seasons' cleared MW approximated by 2025/26,424.3/33.92/35.97/7.61,"$/MW-day summer/fall/winter/spring (Zone 4, Illinois)"
