year,pct,ci_low,ci_high,p
2015,2.4354321521718125,-0.997371047253226,5.987263885794736,0.16585452590660976
2016,2.604076813691014,-0.2320165013674491,5.520791436404049,0.07211598479047643
2017,0.3305603373034094,-2.1690522704549298,2.894038862073378,0.7970843823925944
2018,-0.03102354528061735,-1.8106943734400138,1.7809036292944391,0.9729117950337831
2019,-0.39829690857715594,-1.6852322880171466,0.9054843904474419,0.5464553985365572
2021,-1.0970965804942057,-2.602563530437496,0.43164029132303217,0.15806274977335066
2022,3.3466253237579124,0.24400617917383904,6.545272609307684,0.03437598357750793
2023,11.087486330356233,6.933430145605879,15.40291564942542,1.1187459492134622e-07
2024,11.126792703232958,7.546074846668316,14.826729605091437,7.813840685599871e-10
2025,12.748270032175402,8.910376316652279,16.7214073183279,4.563349698116781e-11
2026,15.715686451281696,10.957758452167464,20.67763694652911,3.957634220341788e-11
